Name,Code
Barter Island LRRS Airport,BTI
Cape Lisburne LRRS Airport,LUR
Point Lay LRRS Airport,PIZ
Hilo International Airport,ITO
Orlando Executive Airport,ORL
Bettles Airport,BTT
Clear Airport,Z84
Indian Mountain LRRS Airport,UTO
Fort Yukon Airport,FYU
Sparrevohn LRRS Airport,SVW
Bryant Army Heliport,FRN
Tatalina LRRS Airport,TLJ
Cape Romanzof LRRS Airport,CZF
Laurence G Hanscom Field,BED
St Paul Island Airport,SNP
Cape Newenham LRRS Airport,EHM
St George Airport,STG
Iliamna Airport,ILI
Platinum Airport,PTU
Big Mountain Airport,BMX
Oscoda Wurtsmith Airport,OSC
Marina Municipal Airport,OAR
Sacramento Mather Airport,MHR
Bicycle Lake Army Air Field,BYS
Twentynine Palms (Self) Airport,NXP
Fort Smith Regional Airport,FSM
Merrill Field,MRI
Grants-Milan Municipal Airport,GNT
Ponca City Regional Airport,PNC
Hunter Army Air Field,SVN
Grand Forks International Airport,GFK
Grider Field,PBF
Whiting Field Naval Air Station - North,NSE
Hana Airport,HNM
Ernest A. Love Field,PRC
Trenton Mercer Airport,TTN
General Edward Lawrence Logan International Airport,BOS
Travis Air Force Base,SUU
Griffiss International Airport,RME
Wendover Airport,ENV
Mobile Downtown Airport,BFM
Metropolitan Oakland International Airport,OAK
Eppley Airfield,OMA
Port Angeles Cgas Airport,NOW
Kahului Airport,OGG
Wichita Mid Continent Airport,ICT
Kansas City International Airport,MCI
Dane County Regional Truax Field,MSN
Dillingham Airport,DLG
Boone County Airport,HRO
Phoenix Sky Harbor International Airport,PHX
Bangor International Airport,BGR
Fort Lauderdale Executive Airport,FXE
East Texas Regional Airport,GGG
Anderson Regional Airport,AND
Spokane International Airport,GEG
North Perry Airport,HWO
San Francisco International Airport,SFO
Cut Bank International Airport,CTB
Acadiana Regional Airport,ARA
Gainesville Regional Airport,GNV
Memphis International Airport,MEM
Bisbee Douglas International Airport,DUG
Allen Army Airfield,BIG
TSTC Waco Airport,CNW
Annette Island Airport,ANN
Caribou Municipal Airport,CAR
Little Rock Air Force Base,LRF
Redstone Army Air Field,HUA
Pope Field,POB
Dalhart Municipal Airport,DHT
Laughlin Air Force Base,DLF
Los Angeles International Airport,LAX
Anniston Metropolitan Airport,ANB
Cleveland Hopkins International Airport,CLE
Dover Air Force Base,DOV
Cincinnati Northern Kentucky International Airport,CVG
Tipton Airport,FME
China Lake Naws (Armitage Field) Airport,NID
Huron Regional Airport,HON
Juneau International Airport,JNU
Lafayette Regional Airport,LFT
Newark Liberty International Airport,EWR
Boise Air Terminal/Gowen field,BOI
Creech Air Force Base,INS
Garden City Regional Airport,GCK
Minot International Airport,MOT
Wheeler Army Airfield,HHI
Maxwell Air Force Base,MXF
Robinson Army Air Field,\N
Dallas Love Field,DAL
Butts AAF (Fort Carson) Air Field,FCS
Helena Regional Airport,HLN
Miramar Marine Corps Air Station - Mitscher Field,NKX
Luke Air Force Base,LUF
Hurlburt Field,\N
Jack Northrop Field Hawthorne Municipal Airport,HHR
Houlton International Airport,HUL
Vance Air Force Base,END
Point Mugu Naval Air Station (Naval Base Ventura Co),NTD
Edwards Air Force Base,EDW
Lake Charles Regional Airport,LCH
Kona International At Keahole Airport,KOA
Myrtle Beach International Airport,MYR
Lemoore Naval Air Station (Reeves Field) Airport,NLC
Nantucket Memorial Airport,ACK
Felker Army Air Field,FAF
Campbell AAF (Fort Campbell) Air Field,HOP
Ronald Reagan Washington National Airport,DCA
Patuxent River Naval Air Station/Trapnell Field Aiport,NHK
Palacios Municipal Airport,PSX
Arkansas International Airport,BYH
Atlantic City International Airport,ACY
Tinker Air Force Base,TIK
Pueblo Memorial Airport,PUB
Northern Maine Regional Airport at Presque Isle,PQI
Gray Army Air Field,GRF
Kodiak Airport,ADQ
Upolu Airport,UPP
Fort Lauderdale Hollywood International Airport,FLL
Davis Field,MKO
Falls International Airport,INL
Salt Lake City International Airport,SLC
Childress Municipal Airport,CDS
Keesler Air Force Base,BIX
Lawson Army Air Field (Fort Benning),LSF
Marshall Army Air Field,FRI
Harrisburg International Airport,MDT
Lincoln Airport,LNK
Capital City Airport,LAN
Waimea Kohala Airport,MUE
Massena International Richards Field,MSS
Hickory Regional Airport,HKY
Albert Whitted Airport,SPG
Page Field,FMY
George Bush Intercontinental Houston Airport,IAH
Millinocket Municipal Airport,MLT
Andrews Air Force Base,ADW
Smith Reynolds Airport,INT
Southern California Logistics Airport,VCV
Bob Sikes Airport,CEW
Wheeler Sack Army Air Field,GTB
St Clair County International Airport,PHN
Meadows Field,BFL
El Paso International Airport,ELP
Valley International Airport,HRL
Columbia Metropolitan Airport,CAE
Davis Monthan Air Force Base,DMA
Pensacola Naval Air Station/Forrest Sherman Field,NPA
Pensacola Regional Airport,PNS
Grand Forks Air Force Base,RDR
William P Hobby Airport,HOU
Buckley Air Force Base,BKF
Northway Airport,ORT
Palmer Municipal Airport,PAQ
Pittsburgh International Airport,PIT
Wiley Post Will Rogers Memorial Airport,BRW
Ellington Airport,EFD
Whidbey Island Naval Air Station /Ault Field/ Airport,NUW
Alice International Airport,ALI
Moody Air Force Base,VAD
Miami International Airport,MIA
Seattle Tacoma International Airport,SEA
Lovell Field,CHA
Igor I Sikorsky Memorial Airport,BDR
Jackson-Medgar Wiley Evers International Airport,JAN
Scholes International At Galveston Airport,GLS
Long Beach /Daugherty Field/ Airport,LGB
Dillingham Airfield,HDH
Williamsport Regional Airport,IPT
Indianapolis International Airport,IND
Whiteman Air Force Base,SZL
Akron Fulton International Airport,AKC
Greenwood–Leflore Airport,GWO
Westchester County Airport,HPN
Francis S Gabreski Airport,FOK
Jonesboro Municipal Airport,JBR
Tonopah Test Range Airport,\N
Palm Beach County Park Airport,LNA
North Island Naval Air Station-Halsey Field,NZY
Biggs Army Air Field (Fort Bliss),BIF
Yuma MCAS/Yuma International Airport,YUM
Cavern City Air Terminal,CNM
Duluth International Airport,DLH
Bethel Airport,BET
Bowman Field,LOU
Sierra Vista Municipal Libby Army Air Field,FHU
Lihue Airport,LIH
Terre Haute International Hulman Field,HUF
Havre City County Airport,HVR
Grant County International Airport,MWH
Edward F Knapp State Airport,MPV
San Nicolas Island Nolf Airport,\N
Richmond International Airport,RIC
Shreveport Regional Airport,SHV
Merle K (Mudhole) Smith Airport,CDV
Norfolk International Airport,ORF
Southeast Texas Regional Airport,BPT
Savannah Hilton Head International Airport,SAV
Hill Air Force Base,HIF
Nome Airport,OME
Scappoose Industrial Airpark,\N
St Petersburg Clearwater International Airport,PIE
Menominee Marinette Twin County Airport,MNM
Lone Star Executive Airport,CXO
Deadhorse Airport,SCC
San Antonio International Airport,SAT
Greater Rochester International Airport,ROC
Patrick Air Force Base,COF
Teterboro Airport,TEB
Ellsworth Air Force Base,RCA
Raleigh Durham International Airport,RDU
James M Cox Dayton International Airport,DAY
Kenai Municipal Airport,ENA
Mc Alester Regional Airport,MLC
Niagara Falls International Airport,IAG
Coulter Field,CFD
Wright Aaf (Fort Stewart)/Midcoast Regional Airport,\N
Newport News Williamsburg International Airport,PHF
Esler Regional Airport,ESF
Altus Air Force Base,LTS
Tucson International Airport,TUS
Minot Air Force Base,MIB
Beale Air Force Base,BAB
Greater Kankakee Airport,IKK
Seymour Johnson Air Force Base,GSB
Theodore Francis Green State Airport,PVD
Salisbury Ocean City Wicomico Regional Airport,SBY
Rancho Murieta Airport,RIU
Bob Hope Airport,BUR
Detroit Metropolitan Wayne County Airport,DTW
Tampa International Airport,TPA
Pembina Municipal Airport,PMB
Polk Army Air Field,POE
Eielson Air Force Base,EIL
Range Regional Airport,HIB
Angelina County Airport,LFK
Midland International Airport,MAF
Austin Straubel International Airport,GRB
Ardmore Municipal Airport,ADM
Mc Guire Air Force Base,WRI
Cherry Point MCAS /Cunningham Field/,\N
Emanuel County Airport,SBO
Augusta Regional At Bush Field,AGS
Sloulin Field International Airport,ISN
Bill & Hillary Clinton National Airport/Adams Field,LIT
Stewart International Airport,SWF
Baudette International Airport,BDE
Sacramento Executive Airport,SAC
Homer Airport,HOM
Waynesville-St. Robert Regional Forney field,TBN
Dobbins Air Reserve Base,MGE
Fairchild Air Force Base,SKA
Roscommon County - Blodgett Memorial Airport,HTL
Tyndall Air Force Base,PAM
Dallas Fort Worth International Airport,DFW
Melbourne International Airport,MLB
McChord Air Force Base,TCM
Austin Bergstrom International Airport,AUS
Rickenbacker International Airport,LCK
Sawyer International Airport,MQT
McGhee Tyson Airport,TYS
Hood Army Air Field,HLR
Lambert St Louis International Airport,STL
Millville Municipal Airport,MIV
Sheppard Air Force Base-Wichita Falls Municipal Airport,SPS
Cincinnati Municipal Airport Lunken Field,LUK
Hartsfield Jackson Atlanta International Airport,ATL
Castle Airport,MER
Mc Clellan Airfield,MCC
Gerald R. Ford International Airport,GRR
Winkler County Airport,INK
Fresno Yosemite International Airport,FAT
Vero Beach Municipal Airport,VRB
Imperial County Airport,IPL
Nashville International Airport,BNA
Laredo International Airport,LRD
Elmendorf Air Force Base,EDF
Ralph Wien Memorial Airport,OTZ
Altoona Blair County Airport,AOO
Dyess Air Force Base,DYS
South Arkansas Regional At Goodwin Field,ELD
La Guardia Airport,LGA
Tallahassee Regional Airport,TLH
Dupage Airport,DPA
Waco Regional Airport,ACT
Augusta State Airport,AUG
Hillsboro Municipal Airport,INJ
Mc Kellar Sipes Regional Airport,MKL
Molokai Airport,MKK
Godman Army Air Field,FTK
New River MCAS /H/ /Mccutcheon Fld/ Airport,\N
San Angelo Regional Mathis Field,SJT
Calexico International Airport,CXL
Chico Municipal Airport,CIC
Burlington International Airport,BTV
Jacksonville International Airport,JAX
Durango La Plata County Airport,DRO
Washington Dulles International Airport,IAD
Easterwood Field,CLL
Felts Field,SFF
General Mitchell International Airport,MKE
Abilene Regional Airport,ABI
Columbia Regional Airport,COU
Portland International Airport,PDX
Dade Collier Training and Transition Airport,TNT
Palm Beach International Airport,PBI
Fort Worth Meacham International Airport,FTW
Ogdensburg International Airport,OGS
Boeing Field King County International Airport,BFI
Lackland Air Force Base,SKF
Honolulu International Airport,HNL
Des Moines International Airport,DSM
Coastal Carolina Regional Airport,EWN
San Diego International Airport,SAN
Monroe Regional Airport,MLU
Shaw Air Force Base,SSC
Ontario International Airport,ONT
Majors Airport,GVT
Roswell International Air Center Airport,ROW
Coleman A. Young Municipal Airport,DET
Brownsville South Padre Island International Airport,BRO
Dothan Regional Airport,DHN
Cape May County Airport,WWD
Selfridge Angb Airport,MTC
Four Corners Regional Airport,FMN
Corpus Christi International Airport,CRP
Syracuse Hancock International Airport,SYR
Naval Air Station Key West/Boca Chica Field,NQX
Chicago Midway International Airport,MDW
Norman Y. Mineta San Jose International Airport,SJC
Lea County Regional Airport,HOB
Northeast Philadelphia Airport,PNE
Denver International Airport,DEN
Philadelphia International Airport,PHL
Sioux Gateway Col. Bud Day Field,SUX
Middle Georgia Regional Airport,MCN
Truth Or Consequences Municipal Airport,TCS
Palmdale Regional/USAF Plant 42 Airport,PMD
Randolph Air Force Base,RND
El Centro Naf Airport,NJK
Port Columbus International Airport,CMH
Drake Field,FYV
Henry Post Army Air Field (Fort Sill),FSI
Princeton Municipal Airport,PNM
Wright-Patterson Air Force Base,FFO
Edward G. Pitka Sr Airport,GAL
Chandler Municipal Airport,\N
Mineral Wells Airport,MWL
Mc Connell Air Force Base,IAB
New Orleans NAS JRB/Alvin Callender Field,NBG
Beaufort County Airport,BFT
Texarkana Regional Webb Field,TXK
Plattsburgh International Airport,PBG
Phillips Army Air Field,APG
Tucumcari Municipal Airport,TCC
Ted Stevens Anchorage International Airport,ANC
Robert Gray  Army Air Field Airport,GRK
Black Rock Airport,ZUN
Bellingham International Airport,BLI
Millington Regional Jetport Airport,NQA
Elkins-Randolph Co-Jennings Randolph Field,EKN
Hartford Brainard Airport,HFD
North Central State Airport,SFZ
Mobile Regional Airport,MOB
Moffett Federal Airfield,NUQ
Santa Fe Municipal Airport,SAF
Barking Sands Airport,BKH
Beauregard Regional Airport,DRI
Bradshaw Army Airfield,BSF
Nogales International Airport,OLS
Mac Dill Air Force Base,MCF
Scott AFB/Midamerica Airport,BLV
Opa-locka Executive Airport,OPF
Del Rio International Airport,DRT
Southwest Florida International Airport,RSW
King Salmon Airport,AKN
Muir Army Air Field (Fort Indiantown Gap) Airport,MUI
Kapalua Airport,JHM
John F Kennedy International Airport,JFK
Homestead ARB Airport,HST
Riverside Municipal Airport,RAL
Sherman Army Air Field,FLV
Wallops Flight Facility Airport,WAL
Holloman Air Force Base,HMN
Willow Grove Naval Air Station/Joint Reserve Base,NXX
Cheyenne Regional Jerry Olson Field,CYS
Stockton Metropolitan Airport,SCK
Charleston Air Force Base-International Airport,CHS
Reno Tahoe International Airport,RNO
Ketchikan International Airport,KTN
Willow Run Airport,YIP
Vandenberg Air Force Base,VBG
Birmingham-Shuttlesworth International Airport,BHM
Lakehurst Maxfield Field Airport,NEL
Nellis Air Force Base,LSV
March ARB Airport,RIV
Modesto City Co-Harry Sham Field,MOD
Sacramento International Airport,SMF
Waukegan National Airport,UGN
City of Colorado Springs Municipal Airport,COS
Buffalo Niagara International Airport,BUF
Griffing Sandusky Airport,SKY
Snohomish County (Paine Field) Airport,PAE
Mountain Home Air Force Base,MUO
Cedar City Regional Airport,CDC
Bradley International Airport,BDL
Mc Allen Miller International Airport,MFE
Norfolk Ns (Chambers Fld) Airport,NGU
Westover ARB/Metropolitan Airport,CEF
Lubbock Preston Smith International Airport,LBB
Chicago O'Hare International Airport,ORD
Boca Raton Airport,BCT
Fairbanks International Airport,FAI
Quantico MCAF /Turner field,NYG
Cannon Air Force Base,CVS
Kaneohe Bay MCAS (Marion E. Carl Field) Airport,NGF
Offutt Air Force Base,OFF
Gulkana Airport,GKN
Watertown International Airport,ART
Palm Springs International Airport,PSP
Rick Husband Amarillo International Airport,AMA
Fort Dodge Regional Airport,FOD
Barksdale Air Force Base,BAD
Topeka Regional Airport - Forbes Field,FOE
Cotulla-La Salle County Airport,COT
Wilmington International Airport,ILM
"Baton Rouge Metropolitan, Ryan Field",BTR
Tyler Pounds Regional Airport,TYR
Baltimore/Washington International Thurgood Marshall Airport,BWI
Hobart Regional Airport,HBR
Lanai Airport,LNY
Alexandria International Airport,AEX
Condron Army Air Field,WSD
Cold Bay Airport,CDB
Tulsa International Airport,TUL
Sitka Rocky Gutierrez Airport,SIT
Long Island Mac Arthur Airport,ISP
Minneapolis-St Paul International/Wold-Chamberlain Airport,MSP
New Castle Airport,ILG
Unalaska Airport,DUT
Louis Armstrong New Orleans International Airport,MSY
Portland International Jetport Airport,PWM
Will Rogers World Airport,OKC
Albany International Airport,ALB
Valdez Pioneer Field,VDZ
Langley Air Force Base,LFI
John Wayne Airport-Orange County Airport,SNA
Columbus Air Force Base,CBM
Kendall-Tamiami Executive Airport,TMB
Oceana NAS,NTU
Grissom Air Reserve Base,GUS
Casper-Natrona County International Airport,CPR
Destin-Ft Walton Beach Airport,VPS
Craig Field,SEM
Key West International Airport,EYW
Charlotte Douglas International Airport,CLT
McCarran International Airport,LAS
Orlando International Airport,MCO
Florence Regional Airport,FLO
Great Falls International Airport,GTF
Youngstown Warren Regional Airport,YNG
Ladd AAF Airfield,FBK
Mc Minnville Municipal Airport,MMV
Robins Air Force Base,WRB
Pullman Moscow Regional Airport,PUW
Lewiston Nez Perce County Airport,LWS
Elmira Corning Regional Airport,ELM
Ithaca Tompkins Regional Airport,ITH
Monterey Peninsula Airport,MRY
Santa Barbara Municipal Airport,SBA
Daytona Beach International Airport,DAB
Talkeetna Airport,TKA
Tweed New Haven Airport,HVN
Asheville Regional Airport,AVL
Piedmont Triad International Airport,GSO
Joe Foss Field Airport,FSD
Manchester Airport,MHT
Naples Municipal Airport,APF
Louisville International Standiford Field,SDF
Charlottesville Albemarle Airport,CHO
Roanoke–Blacksburg Regional Airport,ROA
Blue Grass Airport,LEX
Evansville Regional Airport,EVV
Albuquerque International Sunport Airport,ABQ
Gallatin Field,BZN
Billings Logan International Airport,BIL
Bert Mooney Airport,BTM
Cherry Capital Airport,TVC
Hancock County-Bar Harbor Airport,BHB
Knox County Regional Airport,RKD
Jackson Hole Airport,JAC
Chicago Rockford International Airport,RFD
Greenville Spartanburg International Airport,GSP
Central Illinois Regional Airport at Bloomington-Normal,BMI
Gulfport Biloxi International Airport,GPT
Kalamazoo Battle Creek International Airport,AZO
Toledo Express Airport,TOL
Fort Wayne International Airport,FWA
Decatur Airport,DEC
The Eastern Iowa Airport,CID
La Crosse Municipal Airport,LSE
Central Wisconsin Airport,CWA
General Wayne A. Downing Peoria International Airport,PIA
Appleton International Airport,ATW
Rochester International Airport,RST
University of Illinois Willard Airport,CMI
Manhattan Regional Airport,MHK
Venango Regional Airport,FKL
Grand Junction Regional Airport,GJT
St George Municipal Airport,SGU
David Wayne Hooks Memorial Airport,DWH
Port O'Connor Private Airport,S46
Sarasota Bradenton International Airport,SRQ
Van Nuys Airport,VNY
Quad City International Airport,MLI
Panama City-Bay Co International Airport,PFN
Bismarck Municipal Airport,BIS
Telluride Regional Airport,TEX
Rapid City Regional Airport,RAP
Mc Clellan-Palomar Airport,CLD
Bishop International Airport,FNT
Redding Municipal Airport,RDD
Mahlon Sweet Field,EUG
Idaho Falls Regional Airport,IDA
Rogue Valley International Medford Airport,MFR
Roberts Field,RDM
Akron Canton Regional Airport,CAK
Huntsville International Carl T Jones Field,HSV
Mid Ohio Valley Regional Airport,PKB
Montgomery Regional (Dannelly Field) Airport,MGM
Tri Cities Regional Tn Va Airport,TRI
Barkley Regional Airport,PAH
Page Municipal Airport,PGA
Glacier Park International Airport,FCA
MBS International Airport,MBS
Greater Binghamton/Edwin A Link field,BGM
Blythe Airport,BLH
Petersburg James A Johnson Airport,PSG
Orlando Sanford International Airport,SFB
John Murtha Johnstown Cambria County Airport,JST
Missoula International Airport,MSO
Grand Canyon National Park Airport,GCN
Sugar Land Regional Airport,SGR
Centennial Airport,APA
Clovis Municipal Airport,CVN
Fort Stockton Pecos County Airport,FST
Las Vegas Municipal Airport,LVS
West Houston Airport,IWS
La Junta Municipal Airport,LHX
Las Cruces International Airport,LRU
Stephens County Airport,BKD
Draughon Miller Central Texas Regional Airport,TPL
Ozona Municipal Airport,OZA
Eagle County Regional Airport,EGE
Cuyahoga County Airport,CGF
Mansfield Lahm Regional Airport,MFD
Columbus Metropolitan Airport,CSG
Lawton Fort Sill Regional Airport,LAW
Fort Collins Loveland Municipal Airport,FNL
Flagstaff Pulliam Airport,FLG
Lake Tahoe Airport,TVL
Joslin Field Magic Valley Regional Airport,TWF
Martha's Vineyard Airport,MVY
Concord Municipal Airport,CON
Groton New London Airport,GON
St Cloud Regional Airport,STC
Golden Triangle Regional Airport,GTR
Bowerman Airport,HQM
Erie International Tom Ridge Field,ERI
Barnstable Municipal Boardman Polando Field,HYA
Sedona Airport,SDX
Morgantown Municipal Walter L. Bill Hart Field,MGW
Yeager Airport,CRW
Wilkes Barre Scranton International Airport,AVP
Bemidji Regional Airport,BJI
Hector International Airport,FAR
Charles B. Wheeler Downtown Airport,MKC
Gillette Campbell County Airport,GCC
University Park Airport,SCE
Key Field,MEI
Abraham Lincoln Capital Airport,SPI
Cortez Municipal Airport,CEZ
Yampa Valley Airport,HDN
Gallup Municipal Airport,GUP
Liberal Mid-America Regional Airport,LBL
Lamar Municipal Airport,LAA
Renner Field-Goodland Municipal Airport,GLD
Yellowstone Regional Airport,COD
Springfield Branson National Airport,SGF
Joplin Regional Airport,JLN
Lehigh Valley International Airport,ABE
Northwest Arkansas Regional Airport,XNA
South Bend Regional Airport,SBN
Smith Field,SMD
Arcata Airport,ACV
Albert J Ellis Airport,OAJ
Tuscaloosa Regional Airport,TCL
Dubuque Regional Airport,DBQ
Aberdeen Regional Airport,ABR
Southwest Georgia Regional Airport,ABY
Athens Ben Epps Airport,AHN
Alamogordo White Sands Regional Airport,ALM
Waterloo Regional Airport,ALO
Walla Walla Regional Airport,ALW
Alpena County Regional Airport,APN
Watertown Regional Airport,ATY
Bradford Regional Airport,BFD
Western Neb. Rgnl/William B. Heilig Airport,BFF
Raleigh County Memorial Airport,BKW
Brunswick Golden Isles Airport,BQK
Southeast Iowa Regional Airport,BRL
Jack Mc Namara Field Airport,CEC
Cape Girardeau Regional Airport,CGI
Chippewa County International Airport,CIU
North Central West Virginia Airport,CKB
William R Fairchild International Airport,CLM
Houghton County Memorial Airport,CMX
Dodge City Regional Airport,DDC
DuBois Regional Airport,DUJ
Chippewa Valley Regional Airport,EAU
Elko Regional Airport,EKO
New Bedford Regional Airport,EWB
Fayetteville Regional Grannis Field,FAY
Wokal Field Glasgow International Airport,GGW
Central Nebraska Regional Airport,GRI
Memorial Field,HOT
Tri-State/Milton J. Ferguson Field,HTS
Kirksville Regional Airport,IRK
Jamestown Regional Airport,JMS
Laramie Regional Airport,LAR
Arnold Palmer Regional Airport,LBE
North Platte Regional Airport Lee Bird Field,LBF
Lebanon Municipal Airport,LEB
Klamath Falls Airport,LMT
Lancaster Airport,LNS
Lewistown Municipal Airport,LWT
Lynchburg Regional Preston Glenn Field,LYH
Muskegon County Airport,MKG
Frank Wiley Field,MLS
Northwest Alabama Regional Airport,MSL
Southwest Oregon Regional Airport,OTH
Owensboro Daviess County Airport,OWB
Hattiesburg Laurel Regional Airport,PIB
Pocatello Regional Airport,PIH
Pierre Regional Airport,PIR
Pellston Regional Airport of Emmet County Airport,PLN
Portsmouth International at Pease Airport,PSM
Reading Regional Carl A Spaatz Field,RDG
Rhinelander Oneida County Airport,RHI
Rock Springs Sweetwater County Airport,RKS
Rutland - Southern Vermont Regional Airport,RUT
San Luis County Regional Airport,SBP
Sheridan County Airport,SHR
Adirondack Regional Airport,SLK
Salina Municipal Airport,SLN
Santa Maria Pub/Capt G Allan Hancock Field,SMX
Tupelo Regional Airport,TUP
Quincy Regional Baldwin Field,UIN
Victoria Regional Airport,VCT
Valdosta Regional Airport,VLD
Worland Municipal Airport,WRL
Yakima Air Terminal McAllister Field,YKM
Adak Airport,ADK
Gustavus Airport,GST
Skagway Airport,SGY
Holy Cross Airport,HCR
Haines Airport,HNS
Kalskag Airport,KLG
McGrath Airport,MCG
Mountain Village Airport,MOU
Aniak Airport,ANI
Chevak Airport,VAK
Wrangell Airport,WRG
Kalaupapa Airport,LUP
Aleknagik / New Airport,WKK
Mercer County Airport,BLF
Mid Delta Regional Airport,GLH
Tri Cities Airport,PSC
Akutan Seaplane Base,KQA
Lopez Island Airport,LPS
Waikoloa Heliport,WKL
Worcester Regional Airport,ORH
Bremerton National Airport,PWT
Spencer Municipal Airport,SPW
Jefferson City Memorial Airport,JEF
Provincetown Municipal Airport,PVC
Fullerton Municipal Airport,FUL
Concord Regional Airport,\N
Friedman Memorial Airport,SUN
Mason City Municipal Airport,MCW
Phoenix-Mesa-Gateway Airport,AZA
Anaktuvuk Pass Airport,AKP
Anvik Airport,ANV
Atqasuk Edward Burnell Sr Memorial Airport,ATK
Gambell Airport,GAM
Hooper Bay Airport,HPB
Kaltag Airport,KAL
St Mary's Airport,KSM
Kivalina Airport,KVL
Mekoryuk Airport,MYU
Ruby Airport,RBY
Shishmaref Airport,SHH
Savoonga Airport,SVA
Noatak Airport,WTK
Arctic Village Airport,ARC
Hagerstown Regional Richard A Henson Field,HGR
Sand Point Airport,SDP
Deering Airport,DRG
Igiugig Airport,IGG
New Stuyahok Airport,KNW
King Cove Airport,KVC
Port Heiden Airport,PTH
Togiak Airport,TOG
Delta County Airport,ESC
Yakutat Airport,YAK
Williamson County Regional Airport,MWA
Ford Airport,IMT
Marquette Airport,\N
Allakaket Airport,AET
Michigan City Municipal Airport,MGC
Seward Airport,SWD
Grand Marais Cook County Airport,GRM
Wausau Downtown Airport,AUW
Delaware County Johnson Field,MIE
Purdue University Airport,LAF
Brown County Airport,\N
North Las Vegas Airport,VGT
Kenosha Regional Airport,ENW
Montrose Regional Airport,MTJ
Riverton Regional Airport,RIW
Eastern Oregon Regional At Pendleton Airport,PDT
Wittman Regional Airport,OSH
Pangborn Memorial Airport,EAT
NAS Fort Worth JRB/Carswell Field,\N
Gary Chicago International Airport,GYY
Brainerd Lakes Regional Airport,BRD
Greenbrier Valley Airport,LWB
Pitt Greenville Airport,PGV
Chefornak Airport,CYF
Oxnard Airport,OXR
Schenectady County Airport,SCH
Northeast Florida Regional Airport,UST
Charles M. Schulz Sonoma County Airport,STS
Kissimmee Gateway Airport,ISM
Lake City Gateway Airport,LCQ
Deland Municipal Sidney H Taylor Field,\N
Haller Airpark,\N
Logan-Cache Airport,LGU
Brigham City Airport,BMC
Malad City Airport,MLD
Aspen-Pitkin Co/Sardy Field,ASE
Kerrville Municipal Louis Schreiner Field,ERV
Sussex County Airport,GED
Great Bend Municipal Airport,GBN
Hays Regional Airport,HYS
Spirit of St Louis Airport,SUS
Ely Municipal Airport,LYU
Grand Rapids Itasca Co-Gordon Newstrom field,GPZ
Thief River Falls Regional Airport,TVF
Eagle River Union Airport,EGV
Lakeland-Noble F. Lee Memorial field,ARV
Ankeny Regional Airport,IKV
Corpus Christi Naval Air Station/Truax Field,NGP
Catalina Airport,AVX
Mojave Airport,MHV
Hutchinson Municipal Airport,HUT
Rosecrans Memorial Airport,STJ
Volk Field,VOK
Gunnison Crested Butte Regional Airport,GUC
Zamperini Field,TOA
Manistee Co Blacker Airport,MBL
Charlotte County Airport,PGD
Northern Aroostook Regional Airport,WFK
Chautauqua County-Jamestown Airport,JHW
Lake Cumberland Regional Airport,SME
Shenandoah Valley Regional Airport,SHD
Devils Lake Regional Airport,DVL
Dickinson Theodore Roosevelt Regional Airport,DIK
Sidney Richland Municipal Airport,SDY
Chadron Municipal Airport,CDR
Alliance Municipal Airport,AIA
Mc Cook Ben Nelson Regional Airport,MCK
The Florida Keys Marathon Airport,MTH
Dawson Community Airport,GDV
L M Clayton Airport,OLF
Yellowstone Airport,WYS
San Luis Valley Regional Bergman Field,ALS
Canyonlands Field,CNY
Ely Airport Yelland Field,ELY
Vernal Regional Airport,VEL
Sierra Blanca Regional Airport,SRR
Show Low Regional Airport,SOW
McCall Municipal Airport,MYL
Lemhi County Airport,SMN
Mammoth Yosemite Airport,MMH
Friday Harbor Airport,FRD
Orcas Island Airport,ESD
Astoria Regional Airport,AST
Newport Municipal Airport,ONP
Emmonak Airport,EMK
Unalakleet Airport,UNK
Ugnu-Kuparuk Airport,UUK
Shageluk Airport,SHX
Nuiqsut Airport,NUI
Eek Airport,EEK
Kasigluk Airport,KUK
Kwethluk Airport,KWT
Kwigillingok Airport,KWK
Marshall Don Hunter Sr Airport,MLL
Russian Mission Airport,RSH
Koliganek Airport,KGK
Manokotak Airport,KMO
Chalkyitsik Airport,CIK
Eagle Airport,EAA
Hughes Airport,HUS
Huslia Airport,HSL
Nulato Airport,NUL
Venetie Airport,VEE
Beaver Airport,WBQ
Central Airport,CEM
Shungnak Airport,SHG
Inyokern Airport,IYK
Visalia Municipal Airport,VIS
Merced Regional Macready Field,MCE
Phoenix Goodyear Airport,\N
Angoon Seaplane Base,AGN
Elfin Cove Seaplane Base,ELV
Funter Bay Seaplane Base,FNR
Hoonah Airport,HNH
Kake Airport,AFE
Metlakatla Seaplane Base,MTM
Hydaburg Seaplane Base,HYG
Egegik Airport,EGX
Perryville Airport,KPV
Pilot Point Airport,PIP
South Naknek Nr 2 Airport,WSN
Akhiok Airport,AKK
Karluk Airport,KYK
Larsen Bay Airport,KLN
Ambler Airport,ABL
Buckland Airport,BKC
Bob Baker Memorial Airport,IAN
Kobuk Airport,OBU
Robert (Bob) Curtis Memorial Airport,ORV
Selawik Airport,WLK
Brevig Mission Airport,KTS
Elim Airport,ELI
Golovin Airport,GLV
Teller Airport,TLA
Wales Airport,WAA
White Mountain Airport,WMO
Koyuk Alfred Adams Airport,KKA
St Michael Airport,SMK
Shaktoolik Airport,SKK
Tin City Long Range Radar Station Airport,TNC
Atka Airport,AKB
Yakataga Airport,CYT
Alakanuk Airport,AUK
Kipnuk Airport,KPN
False Pass Airport,KFP
Nelson Lagoon Airport,NLG
Port Moller Airport,PML
Klawock Airport,KLW
Quinhagak Airport,KWN
Kotlik Airport,KOT
Koyukuk Airport,KYU
Scammon Bay Airport,SCM
Nondalton Airport,NNL
Kongiganak Airport,KKH
Nikolai Airport,NIB
Akiak Airport,AKI
Wainwright Airport,AIN
Chenega Bay Airport,NCN
Tok Junction Airport,TKJ
Circle City /New/ Airport,IRC
Sleetmute Airport,SLQ
Healy River Airport,HKB
Klawock Seaplane Base,AQC
Minchumina Airport,MHM
Manley Hot Springs Airport,MLY
Eastern WV Regional Airport/Shepherd Field,MRB
Rock Hill - York County Airport,RKH
Allegheny County Airport,AGC
Cecil Airport,\N
Fulton County Airport Brown Field,FTY
Ohio State University Airport,OSU
Addison Airport,ADS
Destin Executive Airport,DTS
Kinston Regional Jetport At Stallings Field,ISO
First Flight Airport,FFA
Provo Municipal Airport,PVU
Steamboat Springs Bob Adams Field,SBS
Delta Municipal Airport,DTA
Richfield Municipal Airport,RIF
Carbon County Regional/Buck Davis Field,PUC
Los Alamos Airport,LAM
Lake Havasu City Airport,HII
Winslow Lindbergh Regional Airport,INW
Douglas Municipal Airport,DGL
Bartow Municipal Airport,BOW
Livermore Municipal Airport,LVK
Mariposa Yosemite Airport,RMY
Jacqueline Cochran Regional Airport,TRM
Santa Monica Municipal Airport,SMO
Bermuda Dunes Airport,UDD
Scottsdale Airport,ZSY
Olympia Regional Airport,OLM
Yolo County Davis Woodland Winters Airport,DWA
Garfield County Regional Airport,RIL
Shively Field,SAA
DeKalb Peachtree Airport,PDK
Monroe County Airport,BMG
Witham Field,SUA
Morristown Municipal Airport,MMU
Napa County Airport,APC
Brown Field Municipal Airport,SDM
Venice Municipal Airport,VNC
Palm Beach County Glades Airport,PHK
Northwest Florida Beaches International Airport,ECP
San Bernardino International Airport,SBD
San Carlos Airport,SQL
Rocky Mount Wilson Regional Airport,RWI
Whittier Airport,\N
Soldotna Airport,SXQ
Gillespie Field,SEE
San Clemente Island Naval Auxiliary Landing Field,\N
Truckee Tahoe Airport,TKF
Cobb County-Mc Collum Field,RYY
Dell Flight Strip,4U9
Mission Field,LVM
Big Timber Airport,6S0
Tulip City Airport,BIV
Monument Valley Airport,\N
Lakeland Linder Regional Airport,LAL
Indianola Municipal Airport,IDL
French Valley Airport,RBK
Carl R Keller Field,PCW
Dayton-Wright Brothers Airport,MGY
Richmond Municipal Airport,RID
Findlay Airport,FDY
Black Hills Airport-Clyde Ice Field,SPF
Olive Branch Airport,OLV
Rocky Mountain Metropolitan Airport,BJC
Salem Municipal Airport/McNary Field,SLE
Tunica Municipal Airport,UTM
Lawrence J Timmerman Airport,MWC
Southern Wisconsin Regional Airport,JVL
Arlington Municipal Airport,GKY
Gwinnett County Briscoe Field,LZU
Bowling Green Warren County Regional Airport,BWG
Richard Lloyd Jones Jr Airport,RVS
Bryce Canyon Airport,BCE
Burlington Alamance Regional Airport,\N
New Century Aircenter Airport,JCI
Easton Newnam Field,ESN
Yuba County Airport,MYV
Halliburton Field,DUC
Garner Field,UVA
Lewis University Airport,LOT
Buchanan Field,CCR
Ocean Reef Club Airport,OCA
Ohio University Snyder Field,\N
Springfield-Beckley Municipal Airport,SGH
Philip Billard Municipal Airport,TOP
Benson Airstrip,\N
Rough River State Park Airport,\N
Smyrna Airport,\N
Franklin County Airport,\N
Collin County Regional At Mc Kinney Airport,TKI
Chicago Executive Airport,PWK
Southwest Washington Regional Airport,KLS
Wilmington Airpark,ILN
Marana Regional Airport,AVW
Casa Grande Municipal Airport,CGZ
Mobile Airport,\N
Buckeye Municipal Airport,BXK
Gila Bend Municipal Airport,E63
McMinn County Airport,MMI
Sterling Municipal Airport,STK
Rawlins Municipal Airport/Harvey Field,RWL
Essex County Airport,CDW
Lee C Fine Memorial Airport,AIZ
Thomasville Regional Airport,TVI
Henderson Executive Airport,HSH
Henry Tift Myers Airport,TMA
Phoenix Deer Valley Airport,DVT
Republic Airport,\N
South Texas Regional Airport at Hondo,HDO
McKinley National Park Airport,MCL
Lake Hood Seaplane Base,LHD
Prospect Creek Airport,PPC
Wheeling Ohio County Airport,HLG
Fitzgerald Municipal Airport,FZG
Aransas County Airport,RKP
Crisp County Cordele Airport,CKF
Ormond Beach Municipal Airport,OMN
Portland Troutdale Airport,TTD
Portland Hillsboro Airport,HIO
One Police Plaza Heliport,\N
Bend Municipal Airport,\N
Christmas Valley Airport,\N
Burns Municipal Airport,\N
Prineville Airport,\N
Red Bluff Municipal Airport,\N
Marin County Airport - Gnoss Field,\N
Lake County Airport,\N
Tillamook Airport,\N
Ontario Municipal Airport,\N
Columbia Gorge Regional the Dalles Municipal Airport,\N
Montgomery County Airpark,GAI
Charlevoix Municipal Airport,CVX
Flagler County Airport,XFL
Morrisville Stowe State Airport,MVL
Dallas Executive Airport,RBD
Westerly State Airport,WST
Block Island State Airport,BID
Nightmute Airport,NME
Toksook Bay Airport,OOK
Decatur County Industrial Air Park,BGE
Silver Springs Airport,SPZ
Whiteman Airport,WHP
Madera Municipal Airport,MAE
Apalachicola Regional Airport,AAF
Douglas Municipal Airport,DQH
St Lucie County International Airport,FRP
Taunton Municipal King Field,TAN
Plymouth Municipal Airport,PYM
Quonset State Airport,OQU
Norwood Memorial Airport,OWD
Barnes Municipal Airport,BAF
Windham Airport,IJD
Orange County Airport,MGJ
Capital City Airport,CXY
Marshfield Municipal George Harlow Field,GHG
Danbury Municipal Airport,DXR
Boire Field,ASH
Lawrence Municipal Airport,LWM
Waterbury Oxford Airport,OXC
Fitchburg Municipal Airport,FIT
Earl L. Small Jr. Field/Stockmar Airport,\N
Cartersville Airport,VPC
Centre-Piedmont-Cherokee County Regional Airport,PYP
Richard B Russell Airport,RMG
Northeast Alabama Regional Airport,GAD
Knoxville Downtown Island Airport,DKX
Barrow County Airport,WDR
Plantation Airpark,JYL
Dalton Municipal Airport,DNN
West Georgia Regional O V Gray Field,CTJ
Lagrange Callaway Airport,LGC
Baldwin County Airport,MLJ
Harris County Airport,PIM
Peachtree City Falcon Field,FFC
Lee Gilmer Memorial Airport,GVL
Harry Clever Field,PHD
Darlington County Jetport Airport,UDG
Hilton Head Airport,HHH
Daniel Field,DNL
Foothills Regional Airport,MRN
Pike County-Hatcher Field,PBX
Mallards Landing Airport,\N
Toccoa Airport - R.G. Letourneau Field,TOC
Fort Worth Alliance Airport,AFW
East Troy Municipal Airport,57C
Lawrence Municipal Airport,LWC
Wellington Municipal Airport,EGT
Pompano Beach Airpark,PMP
Shelby County Airport,EET
Sky Ranch At Carefree Airport,\N
Indianapolis Metropolitan Airport,UMP
London-Corbin Airport/Magee Field,LOZ
Simmons Army Air Field,FBG
John H Batten Airport,RAC
Redlands Municipal Airport,REI
Flabob Airport,RIR
Tacoma Narrows Airport,TIW
Jack Edwards Airport,JKA
Hazleton Municipal Airport,HZL
Greater Cumberland Regional Airport,CBE
Sugar Loaf Shores Airport,\N
Tri-County Regional Airport,LNR
Price County Airport,\N
Monroe Municipal Airport,\N
Joliet Regional Airport,JOT
Illinois Valley Regional Airport-Walter A Duncan Field,VYS
Jackson County Reynolds Field,JXN
Joseph A. Hardy Connellsville Airport,\N
Bedford County Airport,\N
Wings Field,BBX
Okeechobee County Airport,OBE
Sebring Regional Airport,SEF
Avon Park Executive Airport,AVO
Winter Haven Municipal Airport - Gilbert Field,GIF
Zephyrhills Municipal Airport,ZPH
Ocala International Airport - Jim Taylor Field,OCF
Jesup Wayne County Airport,JES
Madison Municipal Airport,52A
Newnan Coweta County Airport,CCO
Thomson-McDuffie County Airport,HQU
Aiken Municipal Airport,AIK
Woodward Field,CDN
Lumberton Regional Airport,LBT
Moore County Airport,SOP
Richmond County Airport,RCZ
Baraboo Wisconsin Dells Airport,DLL
Statesville Regional Airport,SVH
Burlington Municipal Airport,BUU
William T. Piper Memorial Airport,LHV
Zelienople Municipal Airport,\N
Lorain County Regional Airport,LPR
Burke Lakefront Airport,BKL
Chautauqua County-Dunkirk Airport,DKK
South Jersey Regional Airport,VAY
Linden Airport,LDJ
Tri State Steuben County Airport,ANQ
Warsaw Municipal Airport,\N
Van Wert County Airport,VNW
Brooks Field,\N
Genesee County Airport,GVQ
Clearwater Air Park,CLW
Chicago Meigs Airport,CGX
Pickens County Airport,JZP
Grand Strand Airport,CRE
Lansing Municipal Airport,IGQ
Ramona Airport,RNM
Branch County Memorial Airport,OEB
Wilkes Barre Wyoming Valley Airport,WBW
Willoughby Lost Nation Municipal Airport,LNN
Capital City Airport,FFT
Auburn Lewiston Municipal Airport,LEW
Bloyer Field,\N
Marco Island Airport,MRK
Drummond Island Airport,DRM
Gladwin Zettel Memorial Airport,GDW
South Haven Area Regional Airport,LWA
Marshfield Municipal Airport,MFI
Alexander Field South Wood County Airport,ISW
Clinton Municipal Airport,CWI
Beverly Municipal Airport,BVY
Poplar Bluff Municipal Airport,POF
Somerset Airport,\N
Eastport Municipal Airport,EPM
Keokuk Municipal Airport,EOK
St Paul Downtown Holman Field,STP
Oconomowoc Airport,\N
Butler Co Regional Airport - Hogan Field,\N
Fond du Lac County Airport,FLD
Waupaca Municipal Airport,PCZ
Stevens Point Municipal Airport,STE
Luce County Airport,ERY
Galion Municipal Airport,GQQ
Clarksville–Montgomery County Regional Airport,CKV
Lompoc Airport,LPC
Chester County G O Carlson Airport,CTH
Lake Placid Airport,LKP
Lima Allen County Airport,AOH
Malcolm McKinnon Airport,SSI
Beaver County Airport,BFP
Georgetown County Airport,GGE
Hardwick Field,HDI
Renton Municipal Airport,RNT
Brackett Field,POC
Cross City Airport,CTY
Oconee County Regional Airport,CEU
Beech Factory Airport,BEC
Tom B. David Field,\N
Habersham County Airport,\N
Georgetown Municipal Airport,GTU
Old Rhinebeck Airport,\N
Sidney Municipal-Lloyd W Carr Field,SNY
Kalaeloa Airport,\N
Iosco County Airport,ECA
Madison County Executive Airport-Tom Sharp Jr Field,\N
Leesburg Executive Airport,JYO
Anoka County-Blaine Arpt(Janes Field) Airport,\N
Williamson Sodus Airport,SDC
Boulder Municipal Airport,WBU
Palo Alto Airport of Santa Clara County,PAO
Falcon Field,FFZ
Coolidge Municipal Airport,P08
Cottonwood Airport,P52
Ak-Chin Regional Airport,A39
Wickenburg Municipal Airport,E25
Oakland County International Airport,PTK
Dillant Hopkins Airport,EEN
Glasgow Industrial Airport,\N
Iowa City Municipal Airport,IOW
Windom Municipal Airport,MWM
Longview Ranch Airport,\N
Lee Airport,ANP
Pecos Municipal Airport,PEQ
Hattiesburg Bobby L Chain Municipal Airport,HBG
Chan Gurney Municipal Airport,YKN
Hayward Executive Airport,HWD
Ann Arbor Municipal Airport,ARB
Atlanta South Regional Airport/Tara Field,4A7
Comarapa Airport,\N
Immokalee Regional Airport,IMM
Rancho San Simeon Airport,\N
Dinwiddie County Airport,PTB
Sheboygan County Memorial Airport,SBM
Pinal Airpark,MZJ
Glendale Municipal Airport,GEU
Safford Regional Airport,SAD
Sikeston Memorial Municipal Airport,SIK
Floyd Bennett Memorial Airport,GFL
Saratoga County Airport,5B2
Crystal River Airport,CGC
Martin State Airport,MTN
Lincoln Regional Karl Harder Field,LHM
Fostoria Metropolitan Airport,FZI
Eastern Slopes Regional Airport,IZG
Coral Creek Airport,\N
Lakefront Airport,NEW
Coeur D'Alene - Pappy Boyington Field,COE
Beaumont Municipal Airport,BMT
Vermilion Regional Airport,DNV
Space Coast Regional Airport,TIX
Andrau Airpark,AAP
Flying Cloud Airport,FCM
Johnson County Executive Airport,OJC
Brandywine Airport,OQN
Manassas Regional Airport/Harry P. Davis Field,MNZ
Texas Gulf Coast Regional Airport,\N
Shelby County Airport,2H0
Enumclaw Airport,\N
Fairfield County Airport,FDW
Skyhaven Airport,DAW
Newton City-County Airport,EWK
Taszár Air Base,TZR
Fort Bridger Airport,FBR
Prosser Airport,S40
Chehalis Centralia Airport,CLS
Desert Aire Airport,M94
Evanston-Uinta County Airport-Burns Field,EVW
Sabetha Municipal Airport,K83
Mt Pleasant Regional-Faison field,LRO
Souther Field,\N
Weedon Field,EUF
Saluda County Airport,6J4
Dare County Regional Airport,MEO
Auburn Opelika Robert G. Pitts Airport,AUO
Tri Cities Airport,CZG
Bessemer Airport,EKY
Colorado Springs East Airport,A50
Crystal Airport,MIC
Clarke County Airport,23M
W H 'Bud' Barron Airport,DBN
Corvallis Municipal Airport,CVO
El Almendro Airport,\N
San Agustin Airport,\N
Cowra Airport,CWT
Ogden Hinckley Airport,OGD
Robert S Kerr Airport,RKR
Colorado Plains Regional Airport,AKO
Sanderson Field,SHN
Napakiak Airport,WNA
Napaskiak Airport,PKA
Tok Airport,\N
Causey Airport,2A5
Doylestown Airport,DYL
Warren Field,OCW
Hyde County Airport,7W6
Stillwater Regional Airport,\N
Okmulgee Regional Airport,\N
Cushing Municipal Airport,\N
Clinton Sherman Airport,\N
Strother Field,\N
Wiley Post Airport,\N
Shreveport Downtown Airport,\N
Stephenville Clark Regional Airport,\N
Perry Municipal Airport,\N
Hamilton Municipal Airport,\N
Ada Municipal Airport,\N
Mesquite Metro Airport,\N
Denton Municipal Airport,\N
Austin Executive Airport,\N
Lago Vista Tx Rusty Allen Airport,\N
Brenham Municipal Airport,\N
Lakeway Airpark,\N
Iraan Municipal Airport,\N
Kestrel Airpark,\N
Wilkes County Airport,UKF
Charleston Executive Airport,JZI
Danville Regional Airport,DAN
Brookneal/Campbell County Airport,0V4
Cheraw Municipal Airport/Lynch Bellinger Field,CQW
Wauchula Municipal Airport,\N
Conway Horry County Airport,HYW
Asheboro Regional Airport,HBI
Henderson Field,\N
Emporia Greensville Regional Airport,EMV
El Monte Airport,EMT
Kee Field,I16
Stinson Municipal Airport,SSF
Sallisaw Municipal Airport,JSV
Jasper County Airport-Bell Field,JAS
El Dorado Springs Memorial Airport,87K
Marfa Municipal Airport,MRF
Alpine Casparis Municipal Airport,E38
Cable Airport,CCB
Mount Sterling Montgomery County Airport,IOB
Elkhart Municipal Airport,EKI
Nappanee Municipal Airport,C03
Jim Hamilton L.B. Owens Airport,CUB
Grove Municipal Airport,GMJ
Mc Pherson Airport,MPR
Donaldson Center Airport,GYH
Perry Houston County Airport,PXE
Hartsville Regional Airport,HVS
Horace Williams Airport,IGX
Brunswick County Airport,SUT
Chesterfield County Airport,FCI
Henderson Oxford Airport,HNZ
Leesburg International Airport,LEE
Chino Airport,CNO
Madison County Airport,UYF
Paso Robles Municipal Airport,PRB
Half Moon Bay Airport,HAF
General WM J Fox Airfield,WJF
Person County Airport,TDF
Talladega Municipal Airport,ASN
Greenville Downtown Airport,GMU
Mankato Regional Airport,MKT
Troy Municipal Airport,TOI
Merkel Field Sylacauga Municipal Airport,SCD
Enterprise Municipal Airport,EDN
Ryan Field,\N
Thomas C Russell Field,ALX
Meriden Markham Municipal Airport,\N
Ridgely Airpark,\N
New Castle Henry Co. Municipal Airport,UWL
Scott City Municipal Airport,TQK
Brewster Field,HDE
Pratt Regional Airport,PTT
Wahoo Municipal Airport,AHQ
Jim Kelly Field,LXN
Sublette Municipal Airport,19S
Council Bluffs Municipal Airport,CBF
Kokomo Municipal Airport,OKK
Neodesha Municipal Airport,2K7
King Ranch Airport,\N
Elkhart Morton County Airport,EHA
Front Range Airport,FTG
Galesburg Municipal Airport,GBG
Guymon Municipal Airport,GUY
Meade Municipal Airport,MEJ
Turkey Mountain Estates Airport,\N
Ulysses Airport,ULS
Flagler Aerial Spraying Inc Airport,\N
Independence Municipal Airport,IDP
Augusta Municipal Airport,3AU
Larned Pawnee County Airport,LQR
Lampasas Airport,LZZ
Bay City Municipal Airport,BYY
Cox Field,PRX
Coffeyville Municipal Airport,CFV
The Farm Airport,\N
Greeley–Weld County Airport,GXY
General Dewitt Spain Airport,\N
Oryol Yuzhny Airport,OEL
Fremont Municipal Airport,FET
La Grande/Union County Airport,LGD
Pocono Mountains Municipal Airport,MPO
Quakertown Airport,UKT
Banning Municipal Airport,BNG
Karl Stefan Memorial Airport,OFK
Arlington Municipal Airport,AWO
Peter O Knight Airport,TPF
Montauk Airport,MTP
Porter County Municipal Airport,VPZ
Mason County Airport,LDM
Reid-Hillview Airport of Santa Clara County,RHV
Camarillo Airport,\N
Watsonville Municipal Airport,WVI
Williamsburg Jamestown Airport,JGG
Union County Airport,MRT
St Louis Regional Airport,ALN
Chandler Field,AXN
Columbus Municipal Airport,CLU
Curtis Field,BBD
Eastern Sierra Regional Airport,BIH
Baker City Municipal Airport,BKE
Miley Memorial Field,BPI
Ozark Regional Airport,WMH
W K Kellogg Airport,BTL
Burley Municipal Airport,BYI
Northeast Iowa Regional Airport,CCY
Chanute Martin Johnson Airport,CNU
Jacksonville Executive at Craig Airport,CRG
Crossville Memorial Whitson Field,CSV
Davison Army Air Field,DAA
Barstow Daggett Airport,DAG
Deming Municipal Airport,DMN
Desert Rock Airport,DRA
Needles Airport,EED
Duke Field,EGI
Murray Field,EKA
San Marcos Municipal Airport,HYI
Sawyer County Airport,HYR
Kimble County Airport,JCT
Monticello Municipal Ellis Field,LLQ
Derby Field,LOL
Mobridge Municipal Airport,MBG
Mc Comb/Pike County Airport/John E Lewis Field,MCB
Southern Illinois Airport,MDH
Mc Entire Joint National Guard Base,MMT
Brunswick Executive Airport,NHZ
Naval Station Mayport (Admiral David L. Mcdonald Field),NRB
Orangeburg Municipal Airport,OGB
Columbus Municipal Airport,OLU
Ottumwa Regional Airport,OTM
Cairns AAF (Fort Rucker) Air Field,OZR
Ralph Wenz Field,PWY
Dutchess County Airport,POU
New Richmond Regional Airport,RNH
Russell Municipal Airport,RSL
Redwood Falls Municipal Airport,RWF
Salinas Municipal Airport,SNS
Sonora Municipal Airport,SOA
Saline County Regional Airport,SUZ
Tonopah Airport,TPH
Aurora State Airport,UAO
Ukiah Municipal Airport,UKI
University Oxford Airport,UOX
Huntsville Regional Airport,HTV
Miller Field,VTN
Winnemucca Municipal Airport,WMC
West Woodward Airport,WWR
Cape Canaveral AFS Skid Strip,XMR
Homey (Area 51) Airport,\N
Zanesville Municipal Airport,ZZV
Nenana Municipal Airport,ENN
Wasilla Airport,WWA